{"accuracy": 0.5, "recall": 0.5208333333333333, "precision": 0.4604166666666667, "f1": 0.4856150793650794}